sample_id,species,environment,treatment_t_acre,temperature_c,rainfall_mm,soil_n_mgkg,soil_p_mgkg,soil_k_mgkg,tissue_n_pct,tissue_p_pct,tissue_k_pct,canopy_moisture,chlorophyll_proxy,ndvi,ndre,ndmi,red_edge_slope,nir_mean,swir_mean,stress_flag,stress_probability,risk_score,scouting_priority
DF-S001,Yellow,Open field,20,30.33,130.13,58.468,23.399,136.018,2.112,0.355,2.02,0.8639,35.697,0.6777,0.3706,0.6397,0.0178,0.6159,0.1052,0,0.1036,20.74,Normal
DF-S002,Yellow,Open field,20,28.67,95.134,43.324,28.089,149.561,1.907,0.365,2.265,0.8453,37.533,0.7045,0.4097,0.6511,0.01753,0.6413,0.1048,0,0.0807,17.39,Normal
DF-S003,Red,High tunnel,20,29.191,110.77,47.367,35.379,163.1,1.796,0.466,2.305,0.8202,32.331,0.6315,0.3664,0.6294,0.01831,0.6075,0.1195,0,0.1225,22.96,Normal
DF-S004,Red,Open field,10,31.156,157.779,45.542,27.365,120.428,1.876,0.338,1.804,0.8408,31.444,0.664,0.3466,0.6497,0.01929,0.6098,0.1184,0,0.251,28.39,Normal
DF-S005,Red,High tunnel,10,27.741,148.837,49.262,25.032,110.636,1.813,0.378,1.888,0.8846,32.564,0.6751,0.3681,0.6695,0.01905,0.616,0.1071,0,0.0435,17.29,Normal
DF-S006,Yellow,High tunnel,5,30.53,152.098,41.657,26.167,106.218,1.815,0.386,1.934,0.8747,33.544,0.6665,0.3804,0.6571,0.01892,0.6305,0.1053,0,0.108,20.12,Normal
DF-S007,White,Open field,20,30.169,125.996,48.237,30.802,148.361,1.894,0.353,2.152,0.8672,34.372,0.6779,0.4058,0.6541,0.02193,0.6472,0.1141,0,0.1585,21.25,Normal
DF-S008,Red,Open field,5,26.91,118.685,43.67,20.787,110.545,1.787,0.349,1.852,0.8754,32.823,0.6431,0.3638,0.6534,0.02064,0.6158,0.1022,0,0.0917,20.46,Normal
DF-S009,White,Open field,20,28.107,87.344,51.129,22.353,159.029,1.983,0.345,2.419,0.848,36.369,0.6969,0.4013,0.6476,0.02007,0.6263,0.1081,0,0.0739,17.63,Normal
DF-S010,Yellow,High tunnel,5,29.858,146.09,45.077,20.293,90.511,1.997,0.299,1.739,0.8474,35.927,0.6814,0.3986,0.6208,0.02213,0.6303,0.1273,0,0.0613,19.49,Normal
DF-S011,Red,High tunnel,20,28.36,67.128,43.029,32.738,166.446,1.845,0.427,2.364,0.7639,36.615,0.6707,0.4087,0.5958,0.02089,0.6119,0.1502,0,0.0784,20.86,Normal
DF-S012,White,Open field,20,31.136,107.445,49.271,23.272,159.886,1.927,0.358,2.357,0.8222,37.196,0.6784,0.4193,0.632,0.02107,0.6139,0.1334,0,0.2151,24.16,Normal
DF-S013,Red,Open field,20,28.333,117.772,53.43,29.368,146.254,1.933,0.424,2.243,0.8671,34.261,0.6756,0.394,0.6467,0.02076,0.6263,0.0982,0,0.0683,18.33,Normal
DF-S014,White,Open field,0,30.203,115.449,38.262,17.389,92.295,1.773,0.355,1.642,0.8603,32.175,0.6367,0.3408,0.6354,0.0189,0.6072,0.1207,0,0.0679,22.13,Normal
DF-S015,Yellow,Open field,10,30.731,139.971,43.375,18.463,112.666,1.897,0.354,1.865,0.8203,35.155,0.6698,0.3913,0.6128,0.02074,0.6113,0.1316,0,0.0895,21.16,Normal
DF-S016,White,High tunnel,5,28.001,123.116,34.479,26.929,99.968,1.769,0.385,1.765,0.8382,33.101,0.6667,0.3573,0.6257,0.0207,0.6107,0.1367,0,0.1264,23.04,Normal
DF-S017,White,High tunnel,20,30.172,101.8,44.727,27.012,141.494,1.889,0.377,2.123,0.8396,36.741,0.6901,0.4075,0.6458,0.0223,0.6285,0.1169,0,0.1134,20.01,Normal
DF-S018,Red,Open field,20,29.307,154.275,52.757,27.159,137.473,1.985,0.393,2.22,0.8848,33.98,0.6648,0.3852,0.6641,0.02019,0.6164,0.1067,0,0.1054,19.76,Normal
DF-S019,Yellow,Open field,0,27.585,139.94,43.325,18.64,67.737,1.804,0.33,1.341,0.8664,32.643,0.6481,0.3594,0.6505,0.02127,0.6116,0.1148,1,0.5134,39.48,Monitor
DF-S020,White,High tunnel,5,28.566,142.93,44.554,20.309,84.561,1.99,0.374,1.579,0.8587,34.802,0.6606,0.395,0.6297,0.02118,0.5999,0.1119,0,0.0798,20.31,Normal
DF-S021,Red,Open field,20,30.946,169.692,51.187,26.266,134.376,1.934,0.415,2.256,0.8751,35.654,0.6685,0.3822,0.6763,0.02087,0.6061,0.1111,0,0.1367,20.11,Normal
DF-S022,Yellow,Open field,0,29.943,168.464,44.38,19.156,76.509,1.821,0.346,1.472,0.8996,31.262,0.6496,0.3364,0.6893,0.01952,0.598,0.1002,0,0.0394,17.44,Normal
DF-S023,White,Open field,0,28.26,155.653,27.163,24.671,81.762,1.705,0.354,1.494,0.8984,29.55,0.649,0.3255,0.6699,0.01713,0.5996,0.0925,1,0.5668,38.38,Monitor
DF-S024,Red,Open field,20,28.932,103.707,48.886,23.347,166.435,1.932,0.348,2.435,0.8082,34.571,0.6522,0.3831,0.6076,0.01984,0.6263,0.1232,0,0.0928,21.67,Normal
DF-S025,White,High tunnel,20,31.132,162.718,41.068,30.852,132.652,1.845,0.433,2.139,0.8678,32.072,0.6739,0.3674,0.6715,0.02066,0.6321,0.0997,0,0.1786,22.51,Normal
DF-S026,Yellow,Open field,20,31.529,103.234,44.299,23.746,154.536,1.84,0.353,2.441,0.8378,33.15,0.6469,0.3712,0.6343,0.01905,0.6047,0.1247,0,0.2507,27.76,Normal
DF-S027,White,High tunnel,10,29.293,142.434,49.472,29.336,119.099,1.893,0.386,2.015,0.8614,35.823,0.6673,0.3936,0.6503,0.0196,0.613,0.1141,0,0.0681,18.63,Normal
DF-S028,Red,Open field,10,30.066,137.143,38.797,26.59,127.391,1.847,0.395,2.089,0.8521,33.311,0.6604,0.3679,0.6517,0.01969,0.6148,0.1199,0,0.0759,20.1,Normal
DF-S029,Yellow,Open field,5,31.63,127.692,46.54,16.133,102.694,1.865,0.318,1.817,0.8298,35.628,0.6724,0.3932,0.6244,0.02062,0.6376,0.1314,0,0.2564,27.79,Normal
DF-S030,White,Open field,20,31.284,104.994,52.592,34.883,148.057,1.908,0.486,2.265,0.8313,33.344,0.6419,0.3806,0.6087,0.021,0.6018,0.1282,0,0.2055,26.73,Normal
DF-S031,Red,High tunnel,20,28.416,142.137,49.551,28.866,144.418,1.93,0.406,2.187,0.8566,34.86,0.6566,0.3887,0.6515,0.02132,0.6171,0.1222,0,0.0906,20.6,Normal
DF-S032,White,Open field,20,28.065,119.847,53.113,24.116,153.726,2.02,0.403,2.269,0.847,36.485,0.6874,0.4128,0.6466,0.01962,0.6238,0.1271,0,0.0896,18.9,Normal
DF-S033,Red,High tunnel,5,29.348,158.002,39.578,26.955,110.575,1.781,0.378,1.847,0.8655,34.955,0.673,0.357,0.6646,0.02006,0.6292,0.1157,0,0.1022,21.12,Normal
DF-S034,White,High tunnel,0,29.343,190.981,34.686,17.644,82.378,1.801,0.326,1.55,0.9102,31.906,0.6654,0.3593,0.6956,0.01899,0.6069,0.0969,0,0.1059,20.19,Normal
DF-S035,Red,High tunnel,20,30.444,97.368,59.978,29.662,162.924,2.062,0.383,2.352,0.7938,38.96,0.6924,0.414,0.5965,0.02091,0.6279,0.1398,0,0.0779,19.67,Normal
DF-S036,Red,High tunnel,5,32.11,80.121,31.887,27.68,118.419,1.728,0.436,1.837,0.7471,30.703,0.6241,0.3263,0.5667,0.01831,0.5824,0.1708,0,0.2692,33.28,Normal
DF-S037,Red,High tunnel,0,29.549,92.252,34.11,20.136,107.645,1.723,0.342,1.835,0.7997,31.888,0.6549,0.3243,0.602,0.01783,0.6075,0.1399,0,0.0984,25.16,Normal
DF-S038,Red,Open field,10,30.673,154.32,43.636,26.619,106.318,1.974,0.384,1.919,0.8892,36.852,0.6713,0.4192,0.6779,0.02105,0.6121,0.097,0,0.1423,20.16,Normal
DF-S039,Yellow,High tunnel,0,26.953,96.617,33.738,16.703,87.836,1.829,0.311,1.588,0.8552,33.484,0.6596,0.3757,0.6527,0.01932,0.608,0.1088,0,0.0766,20.17,Normal
DF-S040,Yellow,Open field,20,27.814,129.176,55.054,31.777,154.02,1.974,0.434,2.337,0.8827,35.031,0.6684,0.4007,0.6714,0.01943,0.6157,0.1157,0,0.089,18.69,Normal
DF-S041,Red,High tunnel,20,29.324,131.447,51.946,24.791,144.886,1.929,0.354,2.183,0.8366,34.889,0.6725,0.3888,0.6373,0.02099,0.6209,0.1319,0,0.0968,21.39,Normal
DF-S042,White,Open field,20,29.724,143.682,48.267,30.282,144.021,1.946,0.468,2.182,0.8575,36.818,0.7007,0.4149,0.653,0.02095,0.6381,0.1041,0,0.0397,15.4,Normal
DF-S043,Yellow,Open field,0,29.207,154.787,36.54,21.142,64.084,1.78,0.354,1.362,0.8752,30.631,0.6302,0.3415,0.6709,0.01905,0.6044,0.1192,1,0.5258,39.45,Monitor
DF-S044,White,High tunnel,10,27.632,79.551,37.354,24.769,129.872,1.752,0.373,2.051,0.78,32.786,0.6128,0.331,0.591,0.01873,0.5841,0.1572,0,0.1058,26.43,Normal
DF-S045,Red,Open field,20,27.713,149.668,46.086,34.811,145.896,1.904,0.439,2.249,0.8846,34.462,0.6497,0.3828,0.6749,0.01825,0.6092,0.1144,0,0.1318,22.03,Normal
DF-S046,White,Open field,10,28.708,98.102,47.002,26.799,122.953,1.877,0.372,1.941,0.8051,35.445,0.6591,0.3939,0.608,0.02094,0.6105,0.1518,0,0.0856,22.81,Normal
DF-S047,Red,High tunnel,5,29.356,169.396,39.492,15.042,90.647,1.855,0.295,1.693,0.8876,31.388,0.6504,0.3558,0.6929,0.0177,0.6187,0.1053,0,0.0403,17.13,Normal
DF-S048,Red,Open field,5,29.819,104.418,32.371,25.93,109.989,1.703,0.387,1.856,0.8032,28.401,0.6136,0.2995,0.6215,0.01744,0.5853,0.1306,1,0.5679,39.05,Monitor
DF-S049,White,High tunnel,5,27.185,80.031,32.276,27.015,116.036,1.763,0.414,1.906,0.798,28.034,0.604,0.3093,0.6021,0.01839,0.5984,0.1353,0,0.1034,27.12,Normal
DF-S050,White,High tunnel,10,30.802,131.498,50.065,31.743,123.788,1.952,0.443,2.0,0.8581,35.339,0.6742,0.3992,0.6585,0.02056,0.6392,0.1192,0,0.0864,18.77,Normal
DF-S051,Red,High tunnel,5,29.23,106.689,33.568,20.207,104.443,1.808,0.349,1.884,0.8027,32.516,0.6419,0.3412,0.5915,0.01976,0.6051,0.132,0,0.0669,23.57,Normal
DF-S052,White,Open field,0,30.642,77.655,32.261,19.432,119.485,1.714,0.308,1.871,0.7791,31.0,0.6255,0.3058,0.5901,0.01938,0.5852,0.1531,0,0.1088,27.38,Normal
DF-S053,Red,High tunnel,10,30.758,171.912,43.564,23.299,110.375,1.902,0.349,1.943,0.8967,35.236,0.6852,0.3814,0.699,0.02001,0.6358,0.0956,0,0.086,17.42,Normal
DF-S054,White,Open field,20,31.394,108.776,54.449,31.61,154.877,2.055,0.412,2.295,0.8244,37.544,0.687,0.4295,0.6327,0.02156,0.6334,0.1397,0,0.2249,24.32,Normal
DF-S055,White,Open field,10,29.916,123.958,45.735,27.204,125.11,1.888,0.4,1.969,0.8508,35.933,0.6808,0.4007,0.6503,0.02139,0.6169,0.1249,0,0.0828,19.37,Normal
DF-S056,White,Open field,5,30.098,99.984,33.406,25.621,115.986,1.743,0.355,1.866,0.8297,31.149,0.6155,0.3173,0.6247,0.01838,0.6042,0.129,0,0.087,25.21,Normal
DF-S057,White,Open field,5,31.676,167.825,45.379,16.158,98.249,1.8,0.29,1.673,0.8794,32.299,0.6456,0.3639,0.6854,0.02013,0.5919,0.0892,0,0.2205,24.99,Normal
DF-S058,Red,Open field,5,29.396,160.258,42.613,21.914,114.979,1.799,0.383,1.813,0.887,34.32,0.648,0.3672,0.6885,0.01962,0.6008,0.1084,0,0.0959,19.75,Normal
DF-S059,White,Open field,0,27.035,176.265,40.978,22.575,85.236,1.808,0.374,1.518,0.9025,31.169,0.6685,0.3544,0.7083,0.0199,0.6125,0.1017,0,0.051,17.36,Normal
DF-S060,Red,High tunnel,20,29.247,121.339,51.831,28.682,143.04,2.078,0.4,2.143,0.8574,40.031,0.7004,0.4388,0.6503,0.02211,0.6387,0.1177,0,0.0506,15.66,Normal
DF-S061,White,Open field,20,28.654,164.075,53.48,27.66,126.597,1.96,0.381,2.153,0.8896,35.271,0.6633,0.3914,0.6958,0.01868,0.61,0.1081,0,0.0804,18.58,Normal
DF-S062,Red,Open field,10,29.772,137.407,46.017,19.033,126.569,1.824,0.324,2.014,0.8369,33.48,0.6458,0.3461,0.6444,0.01954,0.6165,0.1382,0,0.1091,22.77,Normal
DF-S063,White,High tunnel,0,29.861,151.546,38.815,23.955,82.358,1.847,0.351,1.539,0.8569,30.536,0.6284,0.3506,0.6558,0.0173,0.6166,0.1146,0,0.1145,23.37,Normal
DF-S064,White,High tunnel,20,29.42,188.597,44.181,24.356,145.774,1.922,0.378,2.32,0.9007,35.985,0.6839,0.403,0.7025,0.02149,0.622,0.0992,0,0.0649,16.81,Normal
DF-S065,Red,Open field,10,30.319,119.871,50.583,18.522,112.693,1.885,0.309,1.888,0.8379,35.773,0.6675,0.3847,0.6465,0.02058,0.6184,0.1194,0,0.1001,21.09,Normal
DF-S066,White,Open field,20,28.437,113.64,54.055,34.491,162.474,1.983,0.46,2.375,0.8553,35.122,0.6802,0.3934,0.6604,0.0208,0.6337,0.1216,0,0.0932,19.52,Normal
DF-S067,Red,High tunnel,5,27.943,108.475,33.234,17.278,106.453,1.785,0.269,1.799,0.8163,29.952,0.6092,0.3332,0.6064,0.01924,0.5978,0.1423,0,0.0614,24.66,Normal
DF-S068,Red,High tunnel,5,28.698,108.066,38.6,19.78,107.975,1.899,0.364,1.877,0.8239,35.707,0.6834,0.4004,0.6139,0.0211,0.6254,0.127,0,0.0816,20.15,Normal
DF-S069,Red,High tunnel,10,30.008,82.899,51.963,23.504,128.482,2.02,0.341,2.141,0.7857,36.779,0.6905,0.4096,0.5994,0.02186,0.6319,0.1411,0,0.0925,21.24,Normal
DF-S070,Yellow,Open field,20,29.688,139.862,45.692,22.624,142.624,1.902,0.393,2.307,0.8603,35.607,0.6751,0.3971,0.6533,0.01947,0.6198,0.1052,0,0.0724,18.8,Normal
DF-S071,Red,Open field,5,31.382,126.08,39.451,15.105,107.001,1.785,0.269,1.911,0.8313,31.478,0.6426,0.3402,0.6296,0.01769,0.6102,0.1243,0,0.2682,30.1,Normal
DF-S072,White,High tunnel,10,26.899,146.803,41.417,23.345,117.686,1.888,0.365,1.97,0.8629,34.631,0.6715,0.3904,0.6618,0.02131,0.6182,0.1123,0,0.0727,18.9,Normal
DF-S073,White,High tunnel,0,30.128,162.355,39.243,16.035,73.377,1.854,0.267,1.484,0.8879,32.98,0.641,0.3638,0.6873,0.01875,0.6025,0.1059,0,0.1086,21.28,Normal
DF-S074,White,High tunnel,5,31.483,118.186,38.623,21.269,119.61,1.78,0.356,1.966,0.8126,30.871,0.6411,0.3394,0.6126,0.01857,0.5918,0.1264,0,0.2545,30.12,Normal
DF-S075,Red,High tunnel,5,26.919,123.244,35.469,24.924,108.113,1.812,0.376,1.817,0.8418,29.517,0.6329,0.3382,0.6246,0.01959,0.6095,0.1297,0,0.0823,23.56,Normal
DF-S076,White,High tunnel,20,30.014,88.376,52.95,29.683,160.845,1.921,0.438,2.416,0.7984,36.844,0.6878,0.409,0.6007,0.02033,0.6223,0.1349,0,0.1168,22.1,Normal
DF-S077,Red,High tunnel,20,28.504,169.539,48.929,24.749,137.894,1.989,0.424,2.039,0.8965,35.204,0.6711,0.4017,0.7076,0.02041,0.6324,0.098,0,0.0617,17.13,Normal
DF-S078,White,High tunnel,5,27.92,84.073,38.23,19.829,110.554,1.762,0.352,1.744,0.8077,31.166,0.6385,0.3245,0.6054,0.01831,0.6005,0.141,0,0.1029,26.02,Normal
DF-S079,Red,High tunnel,0,31.13,125.312,40.644,18.685,103.501,1.744,0.323,1.688,0.8433,29.408,0.6122,0.3322,0.6403,0.01851,0.6021,0.1278,0,0.2081,29.49,Normal
DF-S080,White,High tunnel,10,29.496,126.635,52.946,23.134,124.521,1.949,0.371,2.086,0.8493,37.193,0.6836,0.4147,0.6517,0.02097,0.6304,0.1207,0,0.0923,19.16,Normal
DF-S081,White,Open field,10,28.683,104.965,53.561,25.96,134.731,1.992,0.405,2.044,0.8284,34.959,0.6808,0.4014,0.6272,0.02085,0.6245,0.1227,0,0.0998,20.65,Normal
DF-S082,White,Open field,0,26.609,159.092,34.933,20.003,83.912,1.89,0.36,1.626,0.911,33.736,0.6689,0.373,0.7017,0.02015,0.6065,0.1003,0,0.0262,16.29,Normal
DF-S083,White,Open field,5,29.883,121.459,39.5,25.141,107.315,1.755,0.366,1.732,0.8407,31.843,0.6425,0.3342,0.6553,0.02016,0.6145,0.1228,0,0.1047,24.23,Normal
DF-S084,Red,High tunnel,0,29.538,140.868,40.298,14.029,80.449,1.859,0.278,1.472,0.87,35.844,0.6721,0.3852,0.6657,0.02213,0.6226,0.1141,0,0.1115,20.07,Normal
DF-S085,Red,High tunnel,20,29.231,151.224,55.268,31.857,141.729,2.026,0.441,2.252,0.8786,36.777,0.6871,0.4162,0.6734,0.02134,0.6392,0.1091,0,0.0528,16.7,Normal
DF-S086,Red,Open field,10,29.392,125.3,39.906,24.58,118.352,1.903,0.379,1.985,0.8506,33.85,0.6491,0.3787,0.6443,0.01925,0.6034,0.1195,0,0.0727,21.05,Normal
DF-S087,White,High tunnel,10,27.623,100.247,45.148,21.185,126.674,1.906,0.356,1.997,0.8115,34.474,0.656,0.3919,0.6134,0.02021,0.5999,0.1302,0,0.0881,22.42,Normal
DF-S088,White,High tunnel,5,31.137,140.07,34.379,25.406,109.912,1.76,0.42,1.89,0.8554,31.896,0.6504,0.3447,0.6503,0.01845,0.6027,0.1121,0,0.228,28.8,Normal
DF-S089,Red,High tunnel,10,29.047,136.099,40.354,24.603,123.022,1.89,0.371,2.002,0.8528,34.346,0.6686,0.3816,0.6435,0.02076,0.626,0.1318,0,0.0957,20.7,Normal
DF-S090,White,Open field,5,32.131,151.371,39.453,25.837,92.031,1.812,0.397,1.711,0.8433,33.788,0.6608,0.363,0.6488,0.01966,0.6134,0.1189,0,0.2854,31.2,Normal
DF-S091,Red,High tunnel,20,30.023,81.575,47.783,27.3,163.138,1.98,0.42,2.388,0.7759,36.716,0.6642,0.4033,0.5754,0.0208,0.6207,0.1402,0,0.0832,22.65,Normal
DF-S092,Yellow,High tunnel,0,31.464,158.737,32.634,18.976,75.802,1.699,0.359,1.444,0.8686,29.695,0.6172,0.3205,0.6735,0.01733,0.5915,0.1101,1,0.627,43.74,Monitor
DF-S093,White,High tunnel,10,30.118,145.233,48.991,22.173,128.119,1.992,0.322,2.021,0.8477,38.648,0.7002,0.4288,0.6418,0.02319,0.65,0.1202,0,0.0832,18.4,Normal
DF-S094,Red,High tunnel,20,26.334,108.217,47.068,30.751,155.983,1.85,0.427,2.239,0.8211,33.574,0.6624,0.3788,0.6188,0.01924,0.612,0.126,0,0.0616,21.58,Normal
DF-S095,White,Open field,20,27.519,152.304,51.982,27.267,141.224,2.043,0.382,2.197,0.9003,36.724,0.6828,0.4312,0.7008,0.02203,0.6256,0.1087,0,0.0888,17.37,Normal
DF-S096,White,Open field,0,28.518,123.952,30.655,18.731,96.342,1.788,0.314,1.631,0.833,31.954,0.6386,0.3492,0.6258,0.02009,0.6068,0.1197,0,0.092,23.72,Normal
DF-S097,Red,Open field,5,27.917,77.808,42.589,23.577,119.861,1.849,0.399,1.915,0.7851,34.396,0.6372,0.3678,0.5882,0.02034,0.6045,0.1598,0,0.1086,26.62,Normal
DF-S098,Red,Open field,10,30.813,108.439,46.748,27.936,122.461,1.936,0.415,2.001,0.8337,37.702,0.6816,0.4237,0.6269,0.02109,0.6281,0.1284,0,0.1099,21.48,Normal
DF-S099,Red,Open field,10,28.537,99.977,43.552,25.173,130.533,1.88,0.36,2.011,0.799,34.28,0.6439,0.3786,0.5982,0.01868,0.6157,0.1352,0,0.1112,23.43,Normal
DF-S100,Red,High tunnel,20,28.108,110.187,48.828,27.079,151.457,1.943,0.402,2.354,0.8188,34.886,0.6602,0.393,0.6198,0.02039,0.6081,0.1302,0,0.0745,21.07,Normal
DF-S101,Red,Open field,20,30.336,152.237,56.44,23.944,137.036,2.061,0.391,2.209,0.8671,39.541,0.7204,0.4513,0.6628,0.02223,0.6483,0.1176,0,0.0514,14.72,Normal
DF-S102,White,Open field,0,28.67,147.852,38.427,15.489,77.403,1.894,0.287,1.433,0.8719,34.926,0.6842,0.384,0.6741,0.01972,0.6202,0.1126,0,0.0913,18.81,Normal
DF-S103,Red,Open field,5,28.063,102.173,41.603,25.719,110.07,1.866,0.404,1.757,0.813,34.918,0.6491,0.3713,0.6178,0.02041,0.6008,0.1344,0,0.0985,23.33,Normal
DF-S104,Red,Open field,20,27.704,96.355,54.177,29.345,156.653,1.943,0.448,2.28,0.8156,35.253,0.6629,0.3989,0.6143,0.021,0.6029,0.1347,0,0.0987,21.87,Normal
DF-S105,Red,Open field,0,30.109,95.788,38.527,21.578,91.564,1.786,0.314,1.635,0.7838,29.81,0.6082,0.3276,0.5872,0.01903,0.5801,0.1453,0,0.123,28.55,Normal
DF-S106,White,Open field,20,30.159,101.075,42.225,29.523,157.062,1.774,0.4,2.304,0.803,31.707,0.6323,0.3599,0.5997,0.01863,0.6036,0.1353,0,0.0924,23.73,Normal
DF-S107,White,High tunnel,20,26.532,157.885,49.764,27.444,143.382,1.849,0.428,2.252,0.8791,31.95,0.6343,0.3653,0.68,0.01907,0.606,0.1045,0,0.0727,20.15,Normal
DF-S108,White,Open field,10,28.679,120.826,45.96,29.395,130.813,1.906,0.422,2.041,0.8354,35.762,0.6643,0.3991,0.6301,0.01993,0.6226,0.1229,0,0.1001,20.98,Normal
DF-S109,Red,Open field,10,28.556,130.358,49.968,23.943,117.565,1.949,0.351,1.969,0.8514,37.632,0.6736,0.4183,0.6368,0.02148,0.6225,0.1217,0,0.0811,19.88,Normal
DF-S110,White,High tunnel,5,31.039,139.608,37.807,24.04,109.533,1.888,0.379,1.841,0.8562,34.519,0.6667,0.3814,0.651,0.01978,0.6035,0.1166,0,0.2536,28.45,Normal
DF-S111,White,High tunnel,20,29.408,142.074,46.043,33.752,146.236,1.933,0.477,2.257,0.8446,35.498,0.6717,0.4003,0.6423,0.02087,0.6204,0.1187,0,0.0873,19.83,Normal
DF-S112,Red,Open field,0,27.285,132.528,41.832,22.802,86.936,1.788,0.38,1.678,0.8402,31.11,0.6328,0.3377,0.6432,0.01899,0.6061,0.1291,0,0.0939,23.7,Normal
DF-S113,Red,Open field,10,29.207,125.945,46.214,27.556,120.019,1.939,0.41,2.04,0.8453,36.927,0.6904,0.4165,0.6414,0.02154,0.626,0.1274,0,0.0757,18.43,Normal
DF-S114,White,High tunnel,5,26.257,110.644,47.453,26.541,109.056,1.918,0.383,1.796,0.8379,35.028,0.6637,0.403,0.6298,0.02053,0.6077,0.1389,0,0.0707,20.98,Normal
DF-S115,Red,High tunnel,20,26.906,86.037,55.469,29.165,155.054,1.966,0.403,2.322,0.8027,34.847,0.6487,0.3924,0.6016,0.02026,0.6027,0.1471,0,0.0826,22.75,Normal
DF-S116,White,Open field,10,29.517,81.775,48.985,29.109,138.913,1.916,0.411,2.164,0.7809,35.404,0.644,0.3954,0.5759,0.02078,0.6072,0.1491,0,0.1064,23.67,Normal
DF-S117,Red,High tunnel,0,27.794,116.635,38.507,22.394,90.07,1.812,0.36,1.563,0.8327,31.501,0.6367,0.346,0.6269,0.02044,0.6122,0.1332,0,0.1027,24.03,Normal
DF-S118,White,High tunnel,0,27.64,128.732,37.199,22.857,89.849,1.886,0.367,1.538,0.8546,33.832,0.6599,0.3763,0.6417,0.01978,0.6144,0.1204,0,0.0777,20.76,Normal
DF-S119,White,High tunnel,20,29.275,95.19,50.449,29.878,163.367,1.936,0.422,2.391,0.805,34.792,0.6676,0.3905,0.5962,0.01978,0.6148,0.1316,0,0.0688,21.16,Normal
DF-S120,White,Open field,5,30.198,95.321,39.64,18.398,113.543,1.865,0.316,1.927,0.8052,33.94,0.6384,0.372,0.5967,0.01874,0.5984,0.1329,0,0.1012,23.74,Normal
DF-S121,Red,High tunnel,20,29.803,85.206,48.463,27.245,162.446,1.96,0.388,2.351,0.7962,38.262,0.6821,0.4194,0.5921,0.02192,0.6275,0.1427,0,0.0708,20.39,Normal
DF-S122,Red,Open field,5,32.018,144.396,38.65,20.457,92.65,1.709,0.312,1.689,0.8444,28.413,0.6036,0.315,0.6485,0.01706,0.5977,0.1215,1,0.6986,48.24,Monitor
DF-S123,White,Open field,10,27.354,164.562,43.354,25.403,114.558,1.792,0.358,1.936,0.8992,32.152,0.6614,0.3548,0.6975,0.01984,0.5984,0.0993,0,0.0847,19.79,Normal
DF-S124,Red,Open field,10,30.244,119.089,46.248,22.124,123.405,1.98,0.355,2.052,0.83,37.829,0.691,0.4261,0.6185,0.02206,0.6361,0.1318,0,0.0668,19.05,Normal
DF-S125,White,Open field,0,30.285,91.536,43.633,24.651,105.376,1.805,0.42,1.744,0.7965,31.098,0.6238,0.3431,0.5864,0.01844,0.6025,0.1465,0,0.0866,25.62,Normal
DF-S126,White,High tunnel,5,29.499,140.529,46.549,23.138,105.078,1.917,0.368,1.896,0.8616,35.262,0.6825,0.408,0.6496,0.02144,0.6307,0.1205,0,0.1004,19.4,Normal
DF-S127,Red,Open field,20,30.913,104.712,53.163,30.283,164.975,1.997,0.43,2.301,0.8285,35.513,0.6673,0.4123,0.6179,0.02118,0.6192,0.1271,0,0.1895,23.88,Normal
DF-S128,White,Open field,0,28.508,104.934,36.747,17.324,105.877,1.863,0.311,1.764,0.8337,33.723,0.6397,0.3676,0.618,0.01968,0.5996,0.1275,0,0.0732,22.09,Normal
DF-S129,Red,High tunnel,5,27.714,109.354,46.566,21.964,105.737,1.892,0.327,1.821,0.8195,35.357,0.6777,0.4025,0.6116,0.02031,0.6256,0.135,0,0.0683,20.59,Normal
DF-S130,White,High tunnel,10,28.711,136.822,46.583,25.478,125.464,1.915,0.4,2.06,0.8592,35.699,0.6785,0.4006,0.6536,0.02076,0.6265,0.115,0,0.0764,18.89,Normal
DF-S131,White,Open field,20,27.538,130.763,50.878,32.29,153.816,1.91,0.456,2.342,0.8631,34.877,0.6662,0.3922,0.6554,0.02062,0.6202,0.1178,0,0.0826,19.67,Normal
DF-S132,Red,High tunnel,10,30.084,125.421,47.968,19.762,125.054,1.991,0.336,2.01,0.8397,37.254,0.688,0.4239,0.6242,0.02131,0.6349,0.1253,0,0.096,20.0,Normal
DF-S133,Red,High tunnel,0,29.417,125.217,37.443,20.769,98.265,1.782,0.356,1.732,0.8417,31.565,0.6338,0.3429,0.6318,0.01928,0.6052,0.1298,0,0.0848,23.49,Normal
DF-S134,Yellow,Open field,10,26.628,132.434,47.575,21.463,124.463,1.898,0.336,2.002,0.8656,35.291,0.6757,0.3972,0.658,0.02012,0.6287,0.1116,0,0.0631,18.69,Normal
DF-S135,White,High tunnel,5,29.741,134.758,37.631,23.215,115.021,1.844,0.401,1.881,0.8423,34.542,0.6648,0.3693,0.6352,0.02034,0.6131,0.1267,0,0.0915,21.5,Normal
DF-S136,Red,High tunnel,20,29.123,119.83,52.052,31.391,155.1,1.97,0.425,2.36,0.8364,37.419,0.6838,0.4193,0.6376,0.02229,0.6308,0.1288,0,0.0787,19.79,Normal
DF-S137,Red,Open field,0,31.592,143.666,38.804,18.959,85.496,1.896,0.331,1.55,0.8415,34.331,0.6633,0.391,0.6427,0.01978,0.6181,0.1297,0,0.2327,28.47,Normal
DF-S138,Yellow,Open field,10,28.94,173.855,38.979,23.192,117.908,1.837,0.391,1.977,0.9048,34.559,0.6583,0.388,0.6976,0.01972,0.6127,0.0911,0,0.0664,17.82,Normal
DF-S139,White,Open field,0,30.485,173.237,41.21,20.542,72.356,1.89,0.338,1.368,0.8985,32.573,0.668,0.3765,0.7016,0.01995,0.6171,0.1042,1,0.5129,37.74,Monitor
DF-S140,White,Open field,20,28.995,130.43,53.867,27.131,153.692,2.011,0.388,2.313,0.8558,37.413,0.6932,0.4304,0.6538,0.02164,0.6344,0.1217,0,0.0828,18.24,Normal
DF-S141,Red,High tunnel,0,28.191,139.388,44.738,20.511,79.087,1.925,0.343,1.475,0.8682,35.294,0.6652,0.4075,0.6593,0.02108,0.6198,0.117,0,0.0779,19.36,Normal
DF-S142,White,High tunnel,5,28.659,98.952,44.029,20.177,112.66,1.94,0.32,1.889,0.8109,36.339,0.681,0.4198,0.6105,0.02145,0.6307,0.1384,0,0.0688,19.75,Normal
DF-S143,White,Open field,20,28.658,133.106,47.133,34.776,149.728,1.88,0.464,2.358,0.8559,34.01,0.6541,0.3858,0.6476,0.01881,0.6049,0.1228,0,0.0733,20.58,Normal
DF-S144,White,High tunnel,10,31.364,116.898,36.379,24.035,134.313,1.747,0.39,2.036,0.8093,30.654,0.6366,0.3447,0.6127,0.02022,0.5859,0.1435,0,0.2703,31.07,Normal
DF-S145,White,High tunnel,10,27.917,145.363,39.515,29.911,119.653,1.831,0.426,1.984,0.8623,33.099,0.6516,0.3705,0.6604,0.01983,0.604,0.1057,0,0.0941,21.38,Normal
DF-S146,White,High tunnel,5,28.617,128.94,37.66,22.675,103.191,1.789,0.363,1.842,0.8371,32.732,0.6437,0.3514,0.626,0.01937,0.5991,0.1289,0,0.1084,23.37,Normal
DF-S147,White,High tunnel,20,31.583,86.386,55.527,23.213,163.821,1.982,0.342,2.423,0.7821,34.823,0.6707,0.4037,0.5846,0.02047,0.6176,0.1385,0,0.2431,27.12,Normal
DF-S148,Red,Open field,0,27.784,112.462,35.668,23.925,94.585,1.711,0.407,1.715,0.8254,27.841,0.6112,0.2992,0.6192,0.01681,0.5919,0.132,1,0.5518,40.13,Monitor
DF-S149,Red,Open field,0,29.231,105.67,28.388,18.368,96.233,1.731,0.356,1.722,0.7986,30.569,0.631,0.317,0.5984,0.01826,0.5953,0.1443,1,0.5692,40.46,Monitor
DF-S150,White,Open field,20,27.484,123.662,54.89,23.561,161.549,1.918,0.367,2.47,0.8399,34.943,0.6519,0.391,0.6308,0.01989,0.6093,0.1276,0,0.0742,20.68,Normal
DF-S151,White,High tunnel,10,26.75,115.944,44.787,28.35,125.313,1.937,0.428,2.006,0.8358,35.923,0.6768,0.4074,0.634,0.02072,0.6287,0.1287,0,0.0944,20.08,Normal
DF-S152,Red,High tunnel,0,27.39,131.957,31.36,16.222,90.065,1.72,0.284,1.545,0.8415,28.958,0.6171,0.3059,0.6418,0.01814,0.5938,0.1242,1,0.574,39.46,Monitor
DF-S153,Red,Open field,10,30.783,146.109,50.137,22.95,117.907,1.977,0.329,1.979,0.857,37.431,0.688,0.4274,0.658,0.02192,0.6262,0.1169,0,0.1032,19.73,Normal
DF-S154,Red,Open field,10,26.685,128.489,41.867,22.513,120.389,1.863,0.347,2.113,0.855,34.715,0.6618,0.3899,0.6466,0.02019,0.6121,0.1241,0,0.0882,20.68,Normal
DF-S155,White,High tunnel,5,28.083,107.338,36.402,23.922,104.165,1.856,0.414,1.786,0.8199,32.825,0.6345,0.3511,0.6136,0.01888,0.6003,0.1315,0,0.1057,23.64,Normal
DF-S156,Yellow,Open field,0,27.221,107.894,39.162,22.619,94.281,1.91,0.367,1.683,0.8255,35.742,0.6722,0.4031,0.621,0.02099,0.6176,0.135,0,0.0881,21.1,Normal
DF-S157,White,High tunnel,20,26.868,106.037,53.096,28.491,160.045,2.042,0.425,2.412,0.8277,38.685,0.6963,0.445,0.6222,0.02215,0.6421,0.1244,0,0.0639,17.81,Normal
DF-S158,Red,Open field,5,29.432,122.73,43.618,25.946,105.362,1.829,0.401,1.755,0.8313,32.732,0.6533,0.3516,0.6244,0.01919,0.6096,0.128,0,0.0917,22.83,Normal
DF-S159,White,High tunnel,10,28.91,112.432,43.233,22.228,124.752,1.896,0.355,1.999,0.8325,35.618,0.6652,0.3957,0.6201,0.02027,0.6179,0.1375,0,0.0883,21.7,Normal
DF-S160,Red,Open field,5,29.816,137.321,40.953,20.403,109.486,1.798,0.38,1.789,0.8531,31.475,0.6318,0.3376,0.6465,0.01935,0.6001,0.12,0,0.1033,23.31,Normal
DF-S161,White,High tunnel,0,28.471,119.363,32.228,24.745,94.349,1.761,0.35,1.612,0.8229,28.962,0.6186,0.3145,0.6228,0.01807,0.5976,0.1366,0,0.1027,26.22,Normal
DF-S162,White,Open field,0,29.493,119.02,30.431,18.099,93.926,1.834,0.317,1.673,0.8263,33.126,0.6438,0.3582,0.6229,0.02019,0.6096,0.1319,0,0.0889,23.2,Normal
DF-S163,Red,High tunnel,10,30.222,148.419,40.95,26.229,114.719,1.872,0.414,1.904,0.8669,33.183,0.6472,0.3674,0.6634,0.01987,0.6122,0.1149,0,0.1143,21.85,Normal
DF-S164,White,High tunnel,20,27.3,111.233,48.677,31.649,159.818,1.91,0.438,2.404,0.8336,35.093,0.6557,0.3978,0.6267,0.02036,0.612,0.1374,0,0.0994,21.23,Normal
DF-S165,Red,Open field,0,30.237,111.037,35.241,18.636,98.275,1.778,0.345,1.671,0.813,30.331,0.6265,0.3299,0.6125,0.01829,0.5983,0.1327,0,0.1066,25.29,Normal
DF-S166,White,High tunnel,20,28.639,118.905,55.435,26.784,159.049,1.988,0.382,2.393,0.8388,36.523,0.6844,0.4168,0.6306,0.02056,0.6334,0.128,0,0.0839,19.24,Normal
DF-S167,Red,High tunnel,10,30.114,119.62,38.952,22.798,125.2,1.834,0.376,2.082,0.8338,32.043,0.6375,0.3553,0.6279,0.0192,0.5967,0.1316,0,0.0968,23.1,Normal
DF-S168,White,High tunnel,10,29.754,155.562,43.423,24.177,118.518,1.854,0.374,2.007,0.8792,33.315,0.6585,0.378,0.6733,0.01989,0.6114,0.109,0,0.0821,19.61,Normal
DF-S169,White,Open field,0,30.348,126.677,33.132,17.966,96.834,1.801,0.334,1.755,0.8314,31.441,0.6356,0.3452,0.6261,0.0195,0.6046,0.1274,0,0.0899,23.42,Normal
DF-S170,White,High tunnel,10,31.82,79.454,42.272,22.525,136.677,1.877,0.362,2.154,0.752,34.554,0.6553,0.3748,0.5628,0.02036,0.6044,0.1635,0,0.2674,31.15,Normal
DF-S171,Red,High tunnel,0,30.423,111.539,37.372,14.963,95.449,1.73,0.276,1.698,0.8138,29.564,0.6157,0.3163,0.6082,0.01869,0.592,0.139,1,0.5134,37.45,Monitor
DF-S172,White,High tunnel,10,30.832,130.766,41.403,22.825,126.101,1.815,0.378,2.056,0.8409,31.485,0.6517,0.3489,0.6369,0.01935,0.6133,0.1287,0,0.0966,22.85,Normal
DF-S173,White,High tunnel,5,27.963,119.645,43.342,26.765,108.082,1.927,0.399,1.838,0.839,34.668,0.6647,0.3971,0.6318,0.02026,0.6119,0.1377,0,0.0846,20.93,Normal
DF-S174,Red,Open field,0,27.48,147.249,34.168,20.448,89.466,1.79,0.336,1.618,0.8739,31.867,0.6398,0.3443,0.6679,0.01939,0.6102,0.119,0,0.1071,22.3,Normal
DF-S175,White,Open field,5,31.064,135.077,44.199,23.571,103.189,1.798,0.369,1.757,0.8467,32.538,0.6474,0.3542,0.6463,0.01954,0.6015,0.1193,0,0.2702,31.4,Normal
DF-S176,Red,Open field,20,28.058,111.72,48.946,34.878,158.345,1.969,0.471,2.366,0.8334,36.833,0.6721,0.4157,0.6333,0.02098,0.6259,0.1285,0,0.0624,19.54,Normal
DF-S177,White,Open field,10,29.029,97.651,38.069,24.645,125.028,1.788,0.415,2.054,0.8061,31.557,0.6277,0.3374,0.6115,0.01883,0.5927,0.1421,0,0.104,25.52,Normal
DF-S178,White,High tunnel,20,31.028,132.709,49.297,27.798,143.237,1.902,0.407,2.263,0.839,34.452,0.6676,0.389,0.6399,0.01984,0.6203,0.1284,0,0.2468,27.8,Normal
DF-S179,White,Open field,0,28.543,111.864,43.872,20.798,94.653,1.979,0.34,1.646,0.8272,35.843,0.6843,0.4213,0.6165,0.02135,0.6373,0.1261,0,0.091,19.7,Normal
DF-S180,White,High tunnel,5,28.596,119.914,35.063,20.337,105.885,1.815,0.332,1.858,0.8384,31.9,0.6449,0.3493,0.6287,0.01911,0.6043,0.1296,0,0.0939,23.12,Normal
